length_score,equation_score,reasoning_score,proof_score,case_score,steps_score,problem_type_score,domain_score,actual_difficulty,predicted_difficulty,absolute_error,problem_id,domain,problem_type,difficulty_label,error
18.6,42.8,19.7,34.2,32.800000000000004,36.65,90,78.0,34.555,36.32528750000005,1.7702875000000518,MATHNET-009s,Discrete Mathematics,proof and answer,Very Hard,1.7702875000000518
83.3,91.25,19.7,34.2,32.800000000000004,81.75,90,80.0,59.3725,60.67030000000009,1.2978000000000876,MATHNET-00hy,Discrete Mathematics | Geometry,proof only,Very Hard,1.2978000000000876
21.4,22.55,19.7,34.2,32.800000000000004,36.65,35,76.5,29.2525,30.570849999999965,1.3183499999999633,MATHNET-00k4,Geometry,proof only,Hard,1.3183499999999633
31.0,47.2,19.7,74.4,69.95,19.85,90,77.5,45.735,46.55031666666673,0.8153166666667317,MATHNET-00rl,Geometry,proof only,Very Hard,0.8153166666667317
87.3,80.30000000000001,80.25,89.25,93.3,87.5,90,81.0,85.5725,84.45206250000001,1.1204374999999942,MATHNET-00xp,Discrete Mathematics,proof and answer,Medium,-1.1204374999999942
24.55,18.85,19.7,34.2,32.800000000000004,62.5,90,75.0,34.587500000000006,33.207895833333374,1.3796041666666312,MATHNET-01l1,Discrete Mathematics,proof and answer,Medium,-1.3796041666666312
39.1,45.25,88.35,34.2,78.8,51.45,90,77.5,58.807500000000005,55.82388749999992,2.983612500000085,MATHNET-0217,Geometry,proof only,Very Hard,-2.983612500000085
17.65,26.9,19.7,34.2,32.800000000000004,36.65,90,75.0,31.83,32.68081250000002,0.8508125000000248,MATHNET-021o,Algebra,proof and answer,Medium,0.8508125000000248
18.9,14.05,19.7,34.2,32.800000000000004,19.85,55,80.0,26.9725,28.87086250000005,1.8983625000000508,MATHNET-03e9,Discrete Mathematics | Geometry,proof and answer,Very Hard,1.8983625000000508
73.15,74.45,72.6,89.25,78.8,71.0,90,76.5,77.01,75.21978750000001,1.7902124999999955,MATHNET-03nj,Geometry,proof only,Hard,-1.7902124999999955
44.0,52.45,80.25,34.2,69.95,71.0,90,78.0,60.3425,55.85418749999995,4.488312500000049,MATHNET-03qq,Discrete Mathematics,proof and answer,Very Hard,-4.488312500000049
96.5,96.85,98.85,99.75,98.55,97.3,100,78.0,97.04500000000002,94.34948749999998,2.695512500000035,MATHNET-04aq,Discrete Mathematics,proof and answer,Hard,-2.695512500000035
84.1,85.45,93.75,74.4,32.800000000000004,36.65,90,78.5,74.9175,77.76499999999999,2.8474999999999824,MATHNET-04u6,Geometry,proof only,Very Hard,2.8474999999999824
54.95,71.15,72.6,92.65,78.8,51.45,100,78.0,72.00500000000001,69.01298750000011,2.992012499999902,MATHNET-04xa,Geometry,proof only,Hard,-2.992012499999902
28.050000000000004,29.0,47.8,34.2,32.800000000000004,51.45,90,78.0,41.475,39.84925000000001,1.6257499999999894,MATHNET-051m,Geometry,proof and answer,Hard,-1.6257499999999894
48.9,71.15,19.7,34.2,32.800000000000004,77.35,100,78.0,49.4375,48.02833749999999,1.4091625000000079,MATHNET-05dg,Geometry,proof only,Very Hard,-1.4091625000000079
71.39999999999999,79.65,85.45,34.2,32.800000000000004,19.85,100,75.0,62.4625,65.68121250000004,3.218712500000045,MATHNET-05rp,Discrete Mathematics,proof and answer,Medium,3.218712500000045
52.900000000000006,68.4,72.6,74.4,78.8,62.5,90,78.0,69.05000000000001,67.00848750000004,2.0415124999999676,MATHNET-064l,Geometry,proof only,Hard,-2.0415124999999676
98.1,97.8,93.75,92.65,93.3,77.35,90,75.0,92.2525,94.0067999999999,1.7542999999999012,MATHNET-06au,Discrete Mathematics,proof and answer,Hard,1.7542999999999012
70.7,76.25,90.4,34.2,32.800000000000004,51.45,100,78.0,66.11250000000001,65.50779999999995,0.6047000000000651,MATHNET-06j5,Discrete Mathematics,proof and answer,Medium,-0.6047000000000651
58.45,65.0,47.8,34.2,32.800000000000004,19.85,90,78.0,49.795,52.28131250000001,2.486312500000011,MATHNET-06op,Algebra | Discrete Mathematics | Geometry,proof and answer,Very Hard,2.486312500000011
5.8500000000000005,6.4,19.7,34.2,32.800000000000004,5.8500000000000005,90,55.0,22.315,22.8975,0.5824999999999996,MATHNET-0710,Geometry,proof and answer,Very Hard,0.5824999999999996
56.7,35.55,47.8,34.2,32.800000000000004,19.85,100,75.0,45.3775,50.061262499999984,4.683762499999986,MATHNET-077h,Geometry,proof and answer,Very Hard,4.683762499999986
31.8,54.1,80.25,34.2,69.95,19.85,100,80.0,53.635000000000005,51.47507499999996,2.159925000000044,MATHNET-07d3,Algebra | Discrete Mathematics,proof and answer,Very Hard,-2.159925000000044
87.6,92.2,95.9,97.7,78.8,87.5,90,80.0,90.315,87.74768750000015,2.5673124999998436,MATHNET-07nk,Discrete Mathematics,proof and answer,Hard,-2.5673124999998436
86.7,74.45,19.7,34.2,32.800000000000004,51.45,100,75.0,54.7525,56.80976250000007,2.0572625000000713,MATHNET-0855,Geometry,proof and answer,Hard,2.0572625000000713
81.0,87.7,95.9,34.2,32.800000000000004,62.5,100,78.0,72.095,71.9759250000001,0.11907499999989568,MATHNET-08m2,Discrete Mathematics,proof and answer,Hard,-0.11907499999989568
24.35,47.2,47.8,34.2,69.95,51.45,90,81.0,47.33,46.61587083333335,0.7141291666666518,MATHNET-08yo,Discrete Mathematics,proof and answer,Hard,-0.7141291666666518
77.60000000000001,72.39999999999999,62.2,96.15,93.3,19.85,100,77.5,73.4325,73.60658333333336,0.1740833333333569,MATHNET-090w,Geometry,proof only,Medium,0.1740833333333569
26.9,22.55,47.8,34.2,32.800000000000004,51.45,90,79.0,40.3275,38.67932500000002,1.6481749999999806,MATHNET-090z,Geometry,proof and answer,Very Hard,-1.6481749999999806
62.6,50.74999999999999,19.7,34.2,32.800000000000004,71.0,90,75.0,47.8325,48.7837125,0.9512124999999969,MATHNET-095q,Geometry,proof and answer,Hard,0.9512124999999969
80.80000000000001,95.05,80.25,83.85000000000001,89.35,87.5,100,78.0,85.63000000000001,85.00425000000003,0.6257499999999823,MATHNET-09et,Algebra | Discrete Mathematics,proof and answer,Hard,-0.6257499999999823
35.8,37.9,19.7,83.85000000000001,85.45,36.65,90,82.0,50.1725,47.75708750000003,2.4154124999999667,MATHNET-09tk,Geometry,proof only,Medium,-2.4154124999999667
46.95,37.9,72.6,34.2,78.8,51.45,90,82.0,56.35,55.529512499999946,0.8204875000000555,MATHNET-0a6c,Algebra | Number Theory,proof and answer,Very Hard,-0.8204875000000555
50.24999999999999,24.35,47.8,34.2,32.800000000000004,77.35,90,76.5,47.7325,46.52207083333335,1.2104291666666498,MATHNET-0a7r,Geometry,proof only,Medium,-1.2104291666666498
56.00000000000001,33.4,47.8,34.2,78.8,77.35,90,78.5,54.94,55.92280833333335,0.9828083333333524,MATHNET-0akr,Geometry,proof only,Very Hard,0.9828083333333524
41.4,55.65,47.8,34.2,32.800000000000004,62.5,90,75.0,49.0975,46.42514583333332,2.672354166666679,MATHNET-0b1l,Discrete Mathematics,proof and answer,Medium,-2.672354166666679
39.5,47.2,47.8,74.4,89.35,87.5,90,78.5,61.81,53.248399999999926,8.561600000000077,MATHNET-0bzc,Geometry,proof only,Very Hard,-8.561600000000077
95.6,97.7,19.7,74.4,32.800000000000004,94.4,90,80.0,70.095,80.52154999999989,10.426549999999892,MATHNET-0cm5,Geometry,proof only,Very Hard,10.426549999999892
95.8,94.9,88.35,83.85000000000001,96.65,87.5,90,80.0,90.5575,90.37067499999998,0.18682500000002733,MATHNET-0cnn,Geometry,proof only,Hard,-0.18682500000002733
28.050000000000004,26.9,47.8,34.2,32.800000000000004,19.85,100,76.5,38.425,38.40442499999996,0.020575000000036425,MATHNET-0d1o,Discrete Mathematics,proof and answer,Hard,-0.020575000000036425
76.85,18.85,80.25,34.2,78.8,94.4,90,82.0,65.2975,64.91907083333342,0.378429166666578,MATHNET-0dnv,Discrete Mathematics,proof and answer,Medium,-0.378429166666578
77.10000000000001,79.65,19.7,34.2,32.800000000000004,19.85,90,77.5,50.0775,54.96074999999994,4.88324999999994,MATHNET-0dq2,Geometry,proof only,Hard,4.88324999999994
16.8,18.85,47.8,74.4,32.800000000000004,19.85,100,76.5,40.9975,40.72628750000004,0.27121249999996166,MATHNET-0dri,Discrete Mathematics,proof and answer,Hard,-0.27121249999996166
29.45,31.45,47.8,34.2,32.800000000000004,36.65,90,75.0,40.4925,39.38482500000002,1.107674999999979,MATHNET-0dxz,Geometry,proof only,Very Hard,-1.107674999999979
95.3,98.1,90.4,34.2,32.800000000000004,92.45,100,78.0,78.41000000000001,78.25239999999994,0.15760000000007324,MATHNET-0et0,Geometry,proof only,Hard,-0.15760000000007324
69.85,80.30000000000001,94.95,89.25,69.95,36.65,90,80.0,77.55250000000001,76.32985000000025,1.22264999999976,MATHNET-0eu5,Discrete Mathematics,proof and answer,Very Hard,-1.22264999999976
17.25,17.25,19.7,34.2,32.800000000000004,36.65,100,80.0,31.0525,31.473975000000017,0.4214750000000187,MATHNET-0f3f,Discrete Mathematics,proof and answer,Medium,0.4214750000000187
5.8500000000000005,6.4,19.7,34.2,32.800000000000004,5.8500000000000005,90,78.0,23.465000000000003,23.465000000000067,6.394884621840902e-14,MATHNET-0fg1,Geometry,proof only,Hard,6.394884621840902e-14
67.5,47.2,72.6,34.2,78.8,51.45,100,78.5,62.17999999999999,60.54995000000002,1.6300499999999758,MATHNET-0fv5,Discrete Mathematics,proof and answer,Medium,-1.6300499999999758
75.85,90.8,72.6,34.2,32.800000000000004,36.65,100,78.0,64.28500000000001,67.00755000000002,2.7225500000000125,MATHNET-0g7r,Discrete Mathematics,proof and answer,Easy,2.7225500000000125
12.4,17.25,47.8,34.2,32.800000000000004,36.65,55,78.0,33.3525,32.19246250000001,1.1600374999999872,MATHNET-0glc,Geometry,proof only,Very Hard,-1.1600374999999872
5.8500000000000005,6.4,19.7,34.2,32.800000000000004,5.8500000000000005,90,75.0,23.315,23.31499999999999,1.0658141036401503e-14,MATHNET-0gn8,Discrete Mathematics,proof and answer,Easy,-1.0658141036401503e-14
34.95,18.85,47.8,34.2,32.800000000000004,19.85,100,79.0,38.7225,39.62045000000001,0.8979500000000158,MATHNET-0h10,Geometry,proof only,Hard,0.8979500000000158
96.9,96.7,62.2,97.4,96.65,77.35,90,78.5,86.76,88.23932499999992,1.4793249999999176,MATHNET-0hsp,Geometry,proof and answer,Very Hard,1.4793249999999176
93.0,86.05000000000001,19.7,34.2,32.800000000000004,98.9,90,78.0,62.1475,61.173462500000056,0.9740374999999446,MATHNET-0l9s,Discrete Mathematics,proof and answer,Medium,-0.9740374999999446
28.9,37.9,62.2,34.2,32.800000000000004,19.85,90,80.0,42.8,45.19528750000004,2.3952875000000446,MATHNET-0lgk,Geometry,proof only,Hard,2.3952875000000446
98.5,99.0,98.0,98.55,99.8,92.45,90,82.0,96.7575,96.53801666666676,0.21948333333322978,MATHNET-00ac,Discrete Mathematics | Geometry,proof and answer,Very Hard,-0.21948333333322978
49.2,42.8,72.6,74.4,32.800000000000004,19.85,100,75.0,55.955,54.825987500000025,1.1290124999999733,MATHNET-00f5,Geometry,proof only,Hard,-1.1290124999999733
56.39999999999999,61.3,62.2,89.25,78.8,51.45,90,82.0,67.9275,67.06572500000001,0.8617749999999802,MATHNET-00ny,Discrete Mathematics | Geometry,proof and answer,Very Hard,-0.8617749999999802
33.2,29.0,62.2,34.2,32.800000000000004,19.85,90,76.5,42.150000000000006,44.415512500000006,2.2655125,MATHNET-00s2,Geometry,proof only,Hard,2.2655125
94.2,89.05,90.4,34.2,78.8,96.9,90,78.0,81.37750000000001,77.80746250000013,3.5700374999998843,MATHNET-0115,Discrete Mathematics,proof and answer,Hard,-3.5700374999998843
85.2,79.65,19.7,34.2,32.800000000000004,71.0,100,75.0,57.18750000000001,57.54970000000006,0.36220000000005115,MATHNET-01u2,Discrete Mathematics,proof and answer,Very Hard,0.36220000000005115
46.0,50.74999999999999,47.8,74.4,32.800000000000004,19.85,100,78.0,51.6975,50.65657500000004,1.0409249999999588,MATHNET-020e,Geometry,proof only,Very Hard,-1.0409249999999588
38.65,40.2,47.8,34.2,32.800000000000004,71.0,90,77.5,47.205,44.22079999999995,2.984200000000051,MATHNET-023i,Geometry,proof and answer,Medium,-2.984200000000051
59.6,68.4,72.6,34.2,32.800000000000004,19.85,90,76.5,55.42000000000001,60.53552083333332,5.1155208333333135,MATHNET-03bq,Geometry,proof and answer,Medium,5.1155208333333135
63.05,76.95,80.25,34.2,85.45,77.35,100,78.0,70.51250000000002,66.55571250000001,3.9567875000000043,MATHNET-03nf,Discrete Mathematics,proof and answer,Hard,-3.9567875000000043
15.95,15.25,19.7,34.2,32.800000000000004,36.65,90,82.0,30.0925,30.85383750000004,0.7613375000000389,MATHNET-0455,Geometry,proof only,Very Hard,0.7613375000000389
94.4,91.75,85.45,34.2,95.15,96.9,90,82.0,82.66749999999999,77.79198750000016,4.875512499999829,MATHNET-048d,Geometry,proof and answer,Medium,-4.875512499999829
99.1,98.8,99.7,99.9,89.35,99.7,100,81.0,97.52,96.09849166666676,1.421508333333236,MATHNET-04v9,Geometry,proof only,Very Hard,-1.421508333333236
94.8,94.8,98.85,92.65,95.15,62.5,90,78.0,91.0125,91.26218749999994,0.24968749999993634,MATHNET-04xs,Discrete Mathematics,proof and answer,Very Hard,0.24968749999993634
63.24999999999999,65.0,62.2,74.4,69.95,77.35,90,75.0,68.98,69.31573750000003,0.3357375000000218,MATHNET-056b,Geometry,proof and answer,Very Hard,0.3357375000000218
32.9,47.2,80.25,34.2,69.95,87.5,90,78.0,58.98500000000001,53.78413333333325,5.200866666666755,MATHNET-05dk,Geometry,proof only,Very Hard,-5.200866666666755
61.8,63.65,80.25,34.2,32.800000000000004,77.35,35,78.0,59.7525,60.75206250000001,0.9995625000000103,MATHNET-05uf,Discrete Mathematics | Geometry,proof and answer,Very Hard,0.9995625000000103
20.6,40.2,62.2,74.4,69.95,19.85,90,77.5,51.105,50.19845000000007,0.9065499999999247,MATHNET-062m,Discrete Mathematics,proof and answer,Medium,-0.9065499999999247
40.1,40.2,72.6,34.2,32.800000000000004,19.85,100,78.0,47.865,48.62555000000003,0.7605500000000305,MATHNET-065e,Geometry,proof and answer,Hard,0.7605500000000305
58.1,13.1,80.25,34.2,32.800000000000004,62.5,90,78.0,52.695,57.069570833333344,4.374570833333344,MATHNET-06ke,Geometry,proof only,Very Hard,4.374570833333344
74.5,83.6,88.35,34.2,32.800000000000004,81.75,100,78.0,70.59500000000001,69.75641250000014,0.8385874999998748,MATHNET-06si,Discrete Mathematics | Geometry | Number Theory,proof and answer,Very Hard,-0.8385874999998748
99.5,99.6,99.8,99.05,98.55,96.55,90,80.0,97.6675,97.07124166666686,0.5962583333331395,MATHNET-06ze,Geometry,proof and answer,Hard,-0.5962583333331395
48.05,60.35,62.2,34.2,32.800000000000004,62.5,90,75.0,54.0125,56.11275000000003,2.100250000000024,MATHNET-0759,Discrete Mathematics | Geometry,proof only,Hard,2.100250000000024
68.05,69.6,19.7,34.2,32.800000000000004,51.45,100,80.0,50.545,52.85156249999992,2.30656249999992,MATHNET-07cz,Geometry,proof only,Hard,2.30656249999992
71.8,42.8,47.8,83.85000000000001,95.15,87.5,90,82.0,69.7825,70.30605000000006,0.523550000000057,MATHNET-07uh,Geometry,proof only,Very Hard,0.523550000000057
75.5,82.75,90.4,34.2,32.800000000000004,36.65,100,78.0,66.56750000000001,69.17271250000007,2.6052125000000643,MATHNET-081p,Geometry,proof and answer,Medium,2.6052125000000643
97.8,97.25,98.0,83.85000000000001,32.800000000000004,89.64999999999999,100,78.0,87.47000000000001,90.06635833333324,2.596358333333228,MATHNET-08n2,Geometry,proof only,Hard,2.596358333333228
51.65,68.4,72.6,34.2,32.800000000000004,84.7,90,78.0,60.39,61.2059,0.8158999999999992,MATHNET-08tg,Geometry,proof and answer,Hard,0.8158999999999992
25.05,6.4,19.7,34.2,32.800000000000004,36.65,100,80.0,30.985,32.02305000000003,1.038050000000034,MATHNET-0932,Discrete Mathematics,proof and answer,Very Hard,1.038050000000034
14.35,15.25,47.8,34.2,32.800000000000004,19.85,35,45.0,29.1125,32.53823749999998,3.425737499999979,MATHNET-0955,Algebra | Geometry,proof and answer,Medium,3.425737499999979
22.8,29.0,19.7,34.2,32.800000000000004,36.65,35,75.0,30.425,31.965737499999943,1.540737499999942,MATHNET-099l,Discrete Mathematics,proof and answer,Hard,1.540737499999942
15.7,16.25,19.7,34.2,32.800000000000004,36.65,35,75.0,27.0925,28.502087500000027,1.4095875000000255,MATHNET-09wj,Discrete Mathematics,final answer only,Easy,1.4095875000000255
96.0,76.25,92.25,34.2,91.65,98.05,90,80.0,81.6875,76.40097500000014,5.286524999999855,MATHNET-0a53,Geometry,proof only,Hard,-5.286524999999855
65.2,52.45,19.7,34.2,32.800000000000004,87.5,90,80.0,50.5075,50.319824999999966,0.18767500000003423,MATHNET-0a9f,Geometry,proof only,Hard,-0.18767500000003423
41.6,49.0,62.2,34.2,69.95,19.85,100,75.0,50.97,52.63204999999993,1.6620499999999296,MATHNET-0agx,Algebra | Discrete Mathematics | Geometry,proof and answer,Hard,1.6620499999999296
16.400000000000002,13.1,19.7,34.2,32.800000000000004,36.65,35,78.0,26.910000000000004,28.826237500000016,1.9162375000000118,MATHNET-0avj,Geometry,proof only,Hard,1.9162375000000118
48.05,40.2,47.8,34.2,32.800000000000004,36.65,90,82.0,45.875,43.64537499999999,2.229625000000013,MATHNET-0bow,Geometry,proof only,Very Hard,-2.229625000000013
74.3,79.05,47.8,83.85000000000001,91.65,19.85,90,77.5,68.38,73.57465416666669,5.1946541666666946,MATHNET-0clz,Geometry,proof only,Hard,5.1946541666666946
66.2,80.85,62.2,83.85000000000001,32.800000000000004,84.7,90,75.0,70.385,73.28818750000005,2.903187500000044,MATHNET-0cr9,Geometry,proof only,Medium,2.903187500000044
69.5,77.64999999999999,93.75,34.2,32.800000000000004,36.65,100,78.0,65.27250000000001,65.5348625,0.2623624999999947,MATHNET-0d4q,Discrete Mathematics,proof and answer,Hard,0.2623624999999947
11.7,6.4,19.7,34.2,32.800000000000004,19.85,55,82.0,24.485000000000003,24.95873750000003,0.473737500000027,MATHNET-0dmc,Geometry,proof only,Hard,0.473737500000027
94.9,96.4,99.25,89.25,85.45,95.3,100,78.0,93.6525,92.01141249999988,1.6410875000001255,MATHNET-0dpx,Geometry,proof only,Hard,-1.6410875000001255
5.8500000000000005,6.4,19.7,34.2,32.800000000000004,5.8500000000000005,35,75.0,20.565,20.63900000000004,0.07400000000003715,MATHNET-0dst,Geometry,proof and answer,Very Hard,0.07400000000003715
35.3,42.8,47.8,74.4,32.800000000000004,36.65,90,78.0,49.545,49.29337083333342,0.2516291666665822,MATHNET-0dzm,Geometry,proof and answer,Hard,-0.2516291666665822
51.24999999999999,57.15,47.8,83.85000000000001,85.45,77.35,90,80.0,65.74000000000001,61.28093749999996,4.459062500000051,MATHNET-0etj,Geometry,proof only,Hard,-4.459062500000051
5.8500000000000005,6.4,19.7,34.2,32.800000000000004,5.8500000000000005,35,78.0,20.715000000000003,20.79362500000004,0.07862500000003791,MATHNET-0fad,Geometry,proof and answer,Medium,0.07862500000003791
72.7,76.25,62.2,89.25,89.35,62.5,100,77.5,75.86500000000001,75.27745833333336,0.5875416666666524,MATHNET-0fjo,Geometry,proof only,Medium,-0.5875416666666524
52.5,77.64999999999999,72.6,34.2,78.8,62.5,100,78.0,64.82750000000001,63.22944999999998,1.5980500000000362,MATHNET-0fvm,Discrete Mathematics,proof and answer,Medium,-1.5980500000000362
5.8500000000000005,6.4,19.7,34.2,32.800000000000004,5.8500000000000005,100,78.0,23.965000000000003,23.965000000000067,6.394884621840902e-14,MATHNET-0g9d,Geometry,proof only,Medium,6.394884621840902e-14
57.65,67.25,62.2,83.85000000000001,95.15,62.5,90,82.0,71.0,67.69820000000009,3.301799999999915,MATHNET-0gle,Geometry,proof only,Hard,-3.301799999999915
37.3,70.45,62.2,34.2,32.800000000000004,62.5,100,78.0,54.0275,55.369287499999984,1.341787499999981,MATHNET-0gq8,Geometry,proof and answer,Very Hard,1.341787499999981
5.8500000000000005,6.4,19.7,34.2,32.800000000000004,5.8500000000000005,100,75.0,23.815,23.814999999999984,1.7763568394002505e-14,MATHNET-0h61,Geometry,proof only,Very Hard,-1.7763568394002505e-14
59.8,33.4,19.7,34.2,32.800000000000004,77.35,100,77.5,45.93,46.51327500000003,0.5832750000000289,MATHNET-0k0l,Algebra | Discrete Mathematics | Geometry,proof and answer,Hard,0.5832750000000289
34.8,35.55,72.6,34.2,32.800000000000004,62.5,100,78.0,50.3725,51.60468749999996,1.2321874999999594,MATHNET-0lco,Discrete Mathematics | Geometry,proof and answer,Hard,1.2321874999999594
18.5,31.45,19.7,34.2,32.800000000000004,36.65,100,78.0,33.3325,33.85537500000007,0.5228750000000701,MATHNET-0lfz,Geometry,proof only,Hard,0.5228750000000701
35.15,45.25,88.35,34.2,32.800000000000004,51.45,100,78.0,53.9425,50.85315000000002,3.089349999999982,MATHNET-00ba,Discrete Mathematics | Geometry,proof and answer,Hard,-3.089349999999982
5.8500000000000005,6.4,19.7,34.2,32.800000000000004,5.8500000000000005,100,78.0,23.965000000000003,23.965000000000067,6.394884621840902e-14,MATHNET-00hu,Discrete Mathematics | Geometry,proof only,Very Hard,6.394884621840902e-14
88.9,76.95,19.7,34.2,32.800000000000004,71.0,90,76.5,57.09750000000001,57.83122500000008,0.7337250000000708,MATHNET-00lt,Geometry,proof only,Hard,0.7337250000000708
5.8500000000000005,6.4,19.7,34.2,32.800000000000004,5.8500000000000005,90,80.0,23.565,23.56449999999999,0.0005000000000130456,MATHNET-00vm,Geometry,proof and answer,Very Hard,-0.0005000000000130456
53.45,74.45,19.7,74.4,32.800000000000004,77.35,100,80.0,56.9725,58.02665000000004,1.0541500000000426,MATHNET-010r,Geometry,proof only,Hard,1.0541500000000426
98.9,99.2,97.45,99.75,99.1,62.5,90,75.0,93.5225,96.41224583333344,2.88974583333345,MATHNET-01u3,Discrete Mathematics,proof and answer,Very Hard,2.88974583333345
79.2,87.25,19.7,34.2,32.800000000000004,62.5,90,81.0,56.0775,57.24012499999994,1.1626249999999416,MATHNET-0212,Discrete Mathematics,proof and answer,Very Hard,1.1626249999999416
28.8,40.2,72.6,34.2,78.8,51.45,90,75.0,52.715,51.2557125,1.459287500000002,MATHNET-024e,Algebra,final answer only,Easy,-1.459287500000002
43.6,58.85,19.7,34.2,32.800000000000004,19.85,90,78.5,40.3075,42.2297125000001,1.9222125000001,MATHNET-0caz,Algebra,proof only,Easy,1.9222125000001
67.80000000000001,70.45,85.45,92.65,89.35,51.45,90,75.0,77.445,74.51886250000007,2.926137499999925,MATHNET-07vc,Algebra | Geometry,proof and answer,Medium,-2.926137499999925
18.7,22.55,47.8,74.4,78.8,19.85,100,75.0,46.4575,44.36058750000001,2.096912499999995,MATHNET-0awa,Precalculus,final answer only,Easy,-2.096912499999995
66.10000000000001,70.45,62.2,74.4,78.8,19.85,100,77.5,66.1275,69.45751249999998,3.330012499999981,MATHNET-0609,Number Theory,proof only,Medium,3.330012499999981
88.2,90.0,72.6,92.65,69.95,51.45,90,77.5,80.07249999999999,82.13230000000013,2.0598000000001377,MATHNET-05gq,Geometry,proof only,Easy,2.0598000000001377
66.75,65.0,47.8,89.25,78.8,51.45,90,80.0,67.5725,69.07109166666667,1.4985916666666697,MATHNET-0kq5,Geometry,final answer only,Easy,1.4985916666666697
67.60000000000001,76.25,62.2,34.2,32.800000000000004,96.55,90,80.0,63.96250000000001,62.06605833333333,1.8964416666666821,MATHNET-074g,Algebra,proof only,Hard,-1.8964416666666821
70.89999999999999,68.4,62.2,34.2,78.8,36.65,90,77.5,61.93,61.34403750000001,0.5859624999999866,MATHNET-0413,Geometry,proof only,Medium,-0.5859624999999866
23.8,26.9,85.45,34.2,32.800000000000004,19.85,90,75.0,44.53,43.28321250000001,1.2467874999999893,MATHNET-0dgx,Geometry,proof only,Easy,-1.2467874999999893
30.1,40.2,47.8,34.2,32.800000000000004,62.5,90,80.0,44.77,42.78431666666668,1.98568333333332,MATHNET-0hpb,Algebra | Number Theory,proof only,Easy,-1.98568333333332
31.4,35.55,62.2,34.2,69.95,62.5,90,81.0,50.9775,51.33526249999993,0.3577624999999287,MATHNET-0beo,Algebra,proof only,Easy,0.3577624999999287
17.8,22.55,19.7,34.2,32.800000000000004,36.65,90,55.0,30.2075,31.433062500000005,1.2255625000000059,MATHNET-0cih,Number Theory,proof only,Easy,1.2255625000000059
5.8500000000000005,6.4,19.7,34.2,32.800000000000004,5.8500000000000005,90,75.0,23.315,23.31499999999999,1.0658141036401503e-14,MATHNET-0bmx,Number Theory,proof and answer,Medium,-1.0658141036401503e-14
95.5,97.1,80.25,94.9,93.3,95.3,100,77.5,91.685,89.06316249999998,2.6218375000000265,MATHNET-067b,Algebra,proof and answer,Easy,-2.6218375000000265
15.4,17.25,19.7,74.4,32.800000000000004,36.65,90,82.0,36.3125,35.08265000000006,1.2298499999999422,MATHNET-00g4,Algebra,proof and answer,Medium,-1.2298499999999422
57.99999999999999,29.0,72.6,92.65,32.800000000000004,36.65,90,82.0,59.9125,60.95268750000004,1.0401875000000373,MATHNET-0f88,Geometry,proof only,Easy,1.0401875000000373
5.8500000000000005,6.4,19.7,34.2,32.800000000000004,5.8500000000000005,100,75.0,23.815,23.814999999999984,1.7763568394002505e-14,MATHNET-0akb,Algebra | Geometry,proof and answer,Hard,-1.7763568394002505e-14
80.60000000000001,89.5,90.4,83.85000000000001,91.65,36.65,90,75.0,81.28250000000001,83.7868,2.5042999999999864,MATHNET-0ijk,Algebra,proof and answer,Hard,2.5042999999999864
94.7,97.5,19.7,34.2,32.800000000000004,93.6,90,78.0,63.675,62.91647500000021,0.7585249999997856,MATHNET-0cvb,Discrete Mathematics,proof and answer,Medium,-0.7585249999997856
99.6,99.9,99.9,94.9,32.800000000000004,98.05,100,78.0,91.10500000000002,94.00907916666652,2.904079166666506,MATHNET-0lf7,Geometry,proof only,Very Hard,2.904079166666506
98.3,97.95,93.75,74.4,69.95,89.64999999999999,100,78.0,89.12250000000002,92.27981666666656,3.1573166666665458,MATHNET-00nu,Algebra | Discrete Mathematics,proof and answer,Medium,3.1573166666665458
64.45,67.25,47.8,83.85000000000001,32.800000000000004,36.65,90,79.0,60.510000000000005,65.10245000000002,4.592450000000014,MATHNET-084f,Geometry,final answer only,Easy,4.592450000000014
46.55,58.85,19.7,34.2,32.800000000000004,71.0,55,78.0,44.2375,44.731862500000034,0.4943625000000367,MATHNET-0325,Algebra,proof and answer,Hard,0.4943625000000367
43.75,58.85,19.7,74.4,32.800000000000004,51.45,90,75.0,49.352500000000006,47.77973749999999,1.5727625000000174,MATHNET-0cu8,Algebra | Geometry,proof only,Hard,-1.5727625000000174
61.2,68.4,19.7,34.2,32.800000000000004,62.5,90,79.0,49.55,52.18058749999996,2.6305874999999617,MATHNET-0gan,Algebra | Number Theory,proof and answer,Medium,2.6305874999999617
42.55,31.45,47.8,34.2,32.800000000000004,36.65,35,75.0,40.3625,40.33851249999997,0.023987500000025364,MATHNET-0ekm,Algebra,MCQ,Easy,-0.023987500000025364
66.9,66.14999999999999,19.7,74.4,78.8,36.65,90,78.0,58.3475,62.2832791666668,3.935779166666805,MATHNET-058t,Geometry,proof only,Medium,3.935779166666805
29.1,40.2,62.2,34.2,32.800000000000004,19.85,90,80.0,43.185,45.27102500000003,2.0860250000000278,MATHNET-08of,Number Theory,proof and answer,Medium,2.0860250000000278
74.05000000000001,75.4,92.25,74.4,85.45,51.45,90,80.0,77.92,77.69483750000003,0.22516249999996774,MATHNET-05ta,Geometry,proof only,Medium,-0.22516249999996774
53.95,65.0,62.2,34.2,32.800000000000004,19.85,100,78.0,52.275000000000006,55.05325000000002,2.778250000000014,MATHNET-00yo,Algebra,proof and answer,Medium,2.778250000000014
35.15,60.35,47.8,83.85000000000001,69.95,36.65,90,80.0,57.38,53.19363750000006,4.1863624999999445,MATHNET-0g3p,Geometry,proof only,Medium,-4.1863624999999445
19.6,20.65,19.7,34.2,32.800000000000004,19.85,90,78.5,29.7775,30.851987500000043,1.0744875000000427,MATHNET-0ias,Discrete Mathematics | Geometry,proof only,Hard,1.0744875000000427
58.2,69.6,19.7,34.2,32.800000000000004,77.35,90,80.0,50.665,49.31134999999997,1.3536500000000302,MATHNET-05tc,Geometry,proof only,Medium,-1.3536500000000302
27.200000000000003,29.0,47.8,34.2,32.800000000000004,19.85,90,80.0,38.245000000000005,38.74772499999997,0.5027249999999626,MATHNET-0i4x,Discrete Mathematics,final answer only,Easy,0.5027249999999626
72.5,83.89999999999999,85.45,34.2,32.800000000000004,87.5,100,78.0,70.23500000000001,69.65881250000014,0.5761874999998753,MATHNET-0h3p,Discrete Mathematics,proof and answer,Easy,-0.5761874999998753
5.8500000000000005,6.4,19.7,34.2,32.800000000000004,5.8500000000000005,90,75.0,23.315,23.31499999999999,1.0658141036401503e-14,MATHNET-0ar9,Algebra,proof and answer,Easy,-1.0658141036401503e-14
72.3,82.15,72.6,34.2,89.35,71.0,90,80.0,70.9675,68.78717083333339,2.18032916666661,MATHNET-038c,Discrete Mathematics,proof and answer,Very Hard,-2.18032916666661
59.2,52.45,85.45,34.2,32.800000000000004,62.5,100,78.5,60.3825,59.73921250000002,0.6432874999999783,MATHNET-0c9x,Geometry,proof and answer,Easy,-0.6432874999999783
90.2,90.0,72.6,34.2,32.800000000000004,71.0,100,78.0,70.47000000000001,71.12239999999983,0.6523999999998153,MATHNET-0adb,Algebra | Discrete Mathematics,proof and answer,Easy,0.6523999999998153
68.30000000000001,57.15,80.25,34.2,69.95,62.5,100,77.5,65.5325,62.03930833333337,3.4931916666666254,MATHNET-0c6i,Number Theory,proof and answer,Easy,-3.4931916666666254
87.9,91.55,95.9,83.85000000000001,89.35,36.65,100,78.0,84.57000000000001,85.8040750000001,1.2340750000000895,MATHNET-06nw,Discrete Mathematics,proof and answer,Medium,1.2340750000000895
5.8500000000000005,6.4,19.7,34.2,32.800000000000004,5.8500000000000005,100,75.0,23.815,23.814999999999984,1.7763568394002505e-14,MATHNET-02kg,Algebra,MCQ,Easy,-1.7763568394002505e-14
15.3,17.25,19.7,34.2,32.800000000000004,36.65,90,75.0,29.9125,30.20097500000001,0.2884750000000089,MATHNET-09q7,Geometry,proof only,Medium,0.2884750000000089
50.24999999999999,47.2,85.45,34.2,32.800000000000004,19.85,100,78.0,53.515,54.14022500000005,0.6252250000000501,MATHNET-0d6e,Discrete Mathematics | Number Theory,proof only,Hard,0.6252250000000501
34.300000000000004,45.25,19.7,34.2,32.800000000000004,62.5,100,78.0,41.1475,41.63017499999999,0.4826749999999862,MATHNET-05e9,Algebra,proof and answer,Very Hard,0.4826749999999862
5.8500000000000005,6.4,19.7,34.2,32.800000000000004,5.8500000000000005,35,75.0,20.565,20.63900000000004,0.07400000000003715,MATHNET-0cy2,Algebra | Geometry,proof and answer,Hard,0.07400000000003715
5.8500000000000005,6.4,19.7,34.2,32.800000000000004,5.8500000000000005,100,78.0,23.965000000000003,23.965000000000067,6.394884621840902e-14,MATHNET-00up,Geometry,proof only,Hard,6.394884621840902e-14
78.4,58.85,19.7,34.2,32.800000000000004,36.65,100,82.0,49.6225,51.62003749999991,1.9975374999999076,MATHNET-0edn,Geometry,MCQ,Easy,1.9975374999999076
36.45,35.55,19.7,34.2,32.800000000000004,81.75,90,75.0,41.3975,40.57632500000001,0.8211749999999896,MATHNET-0gfv,Algebra,proof only,Easy,-0.8211749999999896
40.45,57.15,62.2,34.2,32.800000000000004,36.65,90,78.0,49.5775,52.315037500000045,2.7375375000000446,MATHNET-0e06,Algebra,proof and answer,Medium,2.7375375000000446
61.9,47.2,47.8,74.4,78.8,77.35,90,82.0,64.39500000000001,65.70530833333329,1.310308333333282,MATHNET-05j5,Geometry,proof only,Easy,1.310308333333282
72.39999999999999,81.6,92.25,34.2,69.95,19.85,90,80.0,67.78,69.76190000000008,1.9819000000000813,MATHNET-0f0z,Algebra,proof and answer,Medium,1.9819000000000813
87.8,81.6,85.45,34.2,96.65,93.6,90,80.0,79.545,75.3265750000001,4.218424999999897,MATHNET-034j,Algebra | Number Theory,proof only,Medium,-4.218424999999897
61.35,55.65,19.7,34.2,32.800000000000004,62.5,90,78.0,47.6175,48.72453749999996,1.1070374999999615,MATHNET-0d0v,Geometry,proof only,Hard,1.1070374999999615
5.8500000000000005,6.4,19.7,34.2,32.800000000000004,5.8500000000000005,100,78.0,23.965000000000003,23.965000000000067,6.394884621840902e-14,MATHNET-0ec2,Statistics,proof and answer,Easy,6.394884621840902e-14
85.0,77.64999999999999,47.8,83.85000000000001,96.65,89.64999999999999,90,80.0,77.915,77.96231666666661,0.04731666666660317,MATHNET-0kfj,Algebra,proof and answer,Medium,0.04731666666660317
33.550000000000004,22.55,85.45,34.2,32.800000000000004,51.45,100,78.0,49.6375,47.47645000000001,2.161049999999996,MATHNET-0kqz,Algebra | Geometry,final answer only,Easy,-2.161049999999996
32.6,42.8,47.8,83.85000000000001,69.95,51.45,90,82.0,55.8175,51.27865000000003,4.538849999999975,MATHNET-03ma,Discrete Mathematics | Number Theory,proof only,Medium,-4.538849999999975
73.5,81.15,47.8,74.4,32.800000000000004,87.5,90,82.0,68.2225,72.11248750000003,3.889987500000032,MATHNET-01b9,Algebra | Discrete Mathematics,proof only,Very Hard,3.889987500000032
25.55,17.25,47.8,34.2,32.800000000000004,36.65,90,80.0,37.8325,37.40423750000007,0.4282624999999314,MATHNET-0f27,Discrete Mathematics,proof only,Easy,-0.4282624999999314
90.0,95.4,94.95,74.4,85.45,36.65,90,75.0,82.92000000000002,86.00950000000012,3.0895000000001005,MATHNET-0fk5,Geometry,proof only,Easy,3.0895000000001005
36.2,45.25,62.2,34.2,32.800000000000004,36.65,90,75.0,46.7925,49.13601249999999,2.3435124999999957,MATHNET-0bgs,Algebra | Number Theory,proof only,Medium,2.3435124999999957
60.55,50.74999999999999,62.2,97.7,32.800000000000004,19.85,100,82.0,61.182500000000005,62.7899,1.6073999999999984,MATHNET-0l56,Discrete Mathematics | Number Theory,final answer only,Medium,1.6073999999999984
55.400000000000006,42.8,47.8,83.85000000000001,32.800000000000004,19.85,100,77.5,53.7775,58.6506,4.873099999999994,MATHNET-0l8o,Algebra,proof and answer,Medium,4.873099999999994
5.8500000000000005,6.4,19.7,34.2,32.800000000000004,5.8500000000000005,90,80.0,23.565,23.56449999999999,0.0005000000000130456,MATHNET-05ra,Number Theory,proof only,Medium,-0.0005000000000130456
79.60000000000001,77.64999999999999,62.2,96.9,78.8,77.35,90,75.0,78.4075,76.84567083333336,1.5618291666666408,MATHNET-00ok,Discrete Mathematics | Number Theory,proof only,Hard,-1.5618291666666408
94.0,92.1,72.6,89.25,91.65,98.3,90,80.0,88.0175,87.72944999999994,0.2880500000000552,MATHNET-0fid,Number Theory,proof and answer,Medium,-0.2880500000000552
57.65,42.8,72.6,34.2,32.800000000000004,51.45,90,82.0,54.62500000000001,56.32517916666669,1.7001791666666861,MATHNET-0jt8,Geometry | Number Theory,proof and answer,Hard,1.7001791666666861
44.2,40.2,47.8,34.2,32.800000000000004,36.65,90,75.0,44.755,43.336074999999965,1.418925000000037,MATHNET-0fmk,Algebra | Number Theory,proof only,Medium,-1.418925000000037
88.55,90.0,90.4,34.2,98.9,62.5,90,80.0,79.06,74.19053750000009,4.869462499999912,MATHNET-007d,Geometry,proof and answer,Medium,-4.869462499999912
54.95,73.6,19.7,34.2,32.800000000000004,19.85,100,78.0,45.265,47.57006249999991,2.305062499999913,MATHNET-0inh,Algebra | Number Theory,proof only,Very Hard,2.305062499999913
84.6,72.39999999999999,62.2,89.25,32.800000000000004,81.75,100,75.0,73.8125,71.77585000000005,2.036649999999952,MATHNET-05k2,Algebra,proof only,Medium,-2.036649999999952
5.8500000000000005,6.4,19.7,34.2,32.800000000000004,5.8500000000000005,90,82.0,23.665000000000003,23.66499999999997,3.197442310920451e-14,MATHNET-09vi,Geometry,proof only,Medium,-3.197442310920451e-14
57.49999999999999,42.8,62.2,34.2,32.800000000000004,81.75,90,78.0,55.345000000000006,55.89945416666662,0.5544541666666163,MATHNET-0f03,Geometry,proof only,Easy,0.5544541666666163
30.7,49.0,72.6,34.2,69.95,19.85,90,80.0,50.620000000000005,50.11454999999997,0.5054500000000317,MATHNET-023c,Algebra | Number Theory,proof and answer,Medium,-0.5054500000000317
61.6,75.4,47.8,34.2,85.45,51.45,35,79.0,57.71000000000001,59.44378749999997,1.7337874999999627,MATHNET-0jcv,Algebra,proof and answer,Hard,1.7337874999999627
19.75,14.05,19.7,74.4,32.800000000000004,19.85,100,75.0,35.1725,35.673312499999895,0.5008124999998955,MATHNET-0bth,Discrete Mathematics,proof and answer,Very Hard,0.5008124999998955
24.05,24.35,47.8,34.2,32.800000000000004,19.85,90,75.0,36.6675,37.271624999999936,0.6041249999999394,MATHNET-08bm,Number Theory,MCQ,Easy,0.6041249999999394
50.0,57.15,47.8,74.4,78.8,19.85,100,78.0,58.057500000000005,55.91814999999996,2.139350000000043,MATHNET-0jqi,Algebra | Discrete Mathematics,proof and answer,Medium,-2.139350000000043
49.3,78.4,72.6,74.4,69.95,62.5,90,78.0,68.94500000000001,64.21656249999992,4.728437500000084,MATHNET-0l1k,Geometry,proof and answer,Medium,-4.728437500000084
