length_score,equation_score,reasoning_score,proof_score,case_score,steps_score,problem_type_score,domain_score,actual_difficulty,predicted_difficulty,absolute_error,error_group
95.6,97.7,19.7,74.4,32.800000000000004,94.4,90,80.0,70.095,80.52154999999989,10.426549999999892,Very high error (>10)
39.5,47.2,47.8,74.4,89.35,87.5,90,78.5,61.81,53.248399999999926,8.561600000000077,High error (5-10)
96.0,76.25,92.25,34.2,91.65,98.05,90,80.0,81.6875,76.40097500000014,5.286524999999855,High error (5-10)
32.9,47.2,80.25,34.2,69.95,87.5,90,78.0,58.98500000000001,53.78413333333325,5.200866666666762,High error (5-10)
74.3,79.05,47.8,83.85000000000001,91.65,19.85,90,77.5,68.38,73.57465416666669,5.194654166666695,High error (5-10)
59.6,68.4,72.6,34.2,32.800000000000004,19.85,90,76.5,55.42000000000001,60.53552083333332,5.115520833333306,High error (5-10)
77.10000000000001,79.65,19.7,34.2,32.800000000000004,19.85,90,77.5,50.0775,54.96074999999994,4.88324999999994,Moderate error (2-5)
94.4,91.75,85.45,34.2,95.15,96.9,90,82.0,82.66749999999999,77.79198750000016,4.875512499999829,Moderate error (2-5)
55.400000000000006,42.8,47.8,83.85000000000001,32.800000000000004,19.85,100,77.5,53.7775,58.6506,4.873099999999994,Moderate error (2-5)
88.55,90.0,90.4,34.2,98.9,62.5,90,80.0,79.06,74.19053750000009,4.869462499999912,Moderate error (2-5)
49.3,78.4,72.6,74.4,69.95,62.5,90,78.0,68.94500000000001,64.21656249999992,4.728437500000084,Moderate error (2-5)
56.7,35.55,47.8,34.2,32.800000000000004,19.85,100,75.0,45.3775,50.061262499999984,4.683762499999986,Moderate error (2-5)
64.45,67.25,47.8,83.85000000000001,32.800000000000004,36.65,90,79.0,60.510000000000005,65.10245000000003,4.592450000000028,Moderate error (2-5)
32.6,42.8,47.8,83.85000000000001,69.95,51.45,90,82.0,55.8175,51.27865000000001,4.538849999999989,Moderate error (2-5)
44.0,52.45,80.25,34.2,69.95,71.0,90,78.0,60.3425,55.85418749999996,4.488312500000042,Moderate error (2-5)
51.24999999999999,57.15,47.8,83.85000000000001,85.45,77.35,90,80.0,65.74000000000001,61.28093749999996,4.459062500000051,Moderate error (2-5)
58.1,13.1,80.25,34.2,32.800000000000004,62.5,90,78.0,52.695,57.069570833333344,4.374570833333344,Moderate error (2-5)
87.8,81.6,85.45,34.2,96.65,93.6,90,80.0,79.545,75.3265750000001,4.218424999999897,Moderate error (2-5)
35.15,60.35,47.8,83.85000000000001,69.95,36.65,90,80.0,57.38,53.19363750000005,4.186362499999952,Moderate error (2-5)
63.05,76.95,80.25,34.2,85.45,77.35,100,78.0,70.51250000000002,66.55571250000001,3.956787500000004,Moderate error (2-5)
66.9,66.14999999999999,19.7,74.4,78.8,36.65,90,78.0,58.3475,62.28327916666679,3.935779166666791,Moderate error (2-5)
73.5,81.15,47.8,74.4,32.800000000000004,87.5,90,82.0,68.2225,72.11248750000003,3.889987500000032,Moderate error (2-5)
94.2,89.05,90.4,34.2,78.8,96.9,90,78.0,81.37750000000001,77.80746250000013,3.5700374999998843,Moderate error (2-5)
68.30000000000001,57.15,80.25,34.2,69.95,62.5,100,77.5,65.5325,62.03930833333338,3.4931916666666183,Moderate error (2-5)
14.35,15.25,47.8,34.2,32.800000000000004,19.85,35,45.0,29.1125,32.53823749999998,3.425737499999979,Moderate error (2-5)
66.10000000000001,70.45,62.2,74.4,78.8,19.85,100,77.5,66.1275,69.45751249999998,3.330012499999981,Moderate error (2-5)
57.65,67.25,62.2,83.85000000000001,95.15,62.5,90,82.0,71.0,67.69820000000009,3.301799999999915,Moderate error (2-5)
71.39999999999999,79.65,85.45,34.2,32.800000000000004,19.85,100,75.0,62.4625,65.68121250000004,3.218712500000045,Moderate error (2-5)
98.3,97.95,93.75,74.4,69.95,89.64999999999999,100,78.0,89.12250000000002,92.27981666666656,3.1573166666665458,Moderate error (2-5)
90.0,95.4,94.95,74.4,85.45,36.65,90,75.0,82.92000000000002,86.00950000000012,3.0895000000001005,Moderate error (2-5)
35.15,45.25,88.35,34.2,32.800000000000004,51.45,100,78.0,53.9425,50.85315000000002,3.089349999999982,Moderate error (2-5)
54.95,71.15,72.6,92.65,78.8,51.45,100,78.0,72.00500000000001,69.0129875000001,2.992012499999916,Moderate error (2-5)
38.65,40.2,47.8,34.2,32.800000000000004,71.0,90,77.5,47.205,44.220799999999954,2.984200000000044,Moderate error (2-5)
39.1,45.25,88.35,34.2,78.8,51.45,90,77.5,58.807500000000005,55.82388749999992,2.983612500000085,Moderate error (2-5)
67.80000000000001,70.45,85.45,92.65,89.35,51.45,90,75.0,77.445,74.51886250000007,2.926137499999925,Moderate error (2-5)
99.6,99.9,99.9,94.9,32.800000000000004,98.05,100,78.0,91.10500000000002,94.00907916666652,2.904079166666506,Moderate error (2-5)
66.2,80.85,62.2,83.85000000000001,32.800000000000004,84.7,90,75.0,70.385,73.28818750000005,2.903187500000044,Moderate error (2-5)
98.9,99.2,97.45,99.75,99.1,62.5,90,75.0,93.5225,96.41224583333346,2.889745833333464,Moderate error (2-5)
84.1,85.45,93.75,74.4,32.800000000000004,36.65,90,78.5,74.9175,77.76499999999999,2.8474999999999824,Moderate error (2-5)
53.95,65.0,62.2,34.2,32.800000000000004,19.85,100,78.0,52.275000000000006,55.05325000000002,2.778250000000014,Moderate error (2-5)
40.45,57.15,62.2,34.2,32.800000000000004,36.65,90,78.0,49.5775,52.315037500000045,2.7375375000000446,Moderate error (2-5)
75.85,90.8,72.6,34.2,32.800000000000004,36.65,100,78.0,64.28500000000001,67.00755000000002,2.7225500000000125,Moderate error (2-5)
96.5,96.85,98.85,99.75,98.55,97.3,100,78.0,97.04500000000002,94.34948749999998,2.695512500000035,Moderate error (2-5)
41.4,55.65,47.8,34.2,32.800000000000004,62.5,90,75.0,49.0975,46.425145833333325,2.672354166666672,Moderate error (2-5)
61.2,68.4,19.7,34.2,32.800000000000004,62.5,90,79.0,49.55,52.180587499999966,2.6305874999999688,Moderate error (2-5)
95.5,97.1,80.25,94.9,93.3,95.3,100,77.5,91.685,89.0631625,2.621837499999998,Moderate error (2-5)
75.5,82.75,90.4,34.2,32.800000000000004,36.65,100,78.0,66.56750000000001,69.17271250000007,2.6052125000000643,Moderate error (2-5)
97.8,97.25,98.0,83.85000000000001,32.800000000000004,89.64999999999999,100,78.0,87.47000000000001,90.06635833333324,2.596358333333228,Moderate error (2-5)
87.6,92.2,95.9,97.7,78.8,87.5,90,80.0,90.315,87.74768750000015,2.567312499999844,Moderate error (2-5)
80.60000000000001,89.5,90.4,83.85000000000001,91.65,36.65,90,75.0,81.28250000000001,83.7868,2.5042999999999864,Moderate error (2-5)
